name,email
Leo Anthony Cortez,leoanthony.cortez@lorma.edu
Jerick Gaerlan,markeugene.laysa@lorma.edu
Mark Eugene Laysa,jerick.gaerlan@lorma.edu
Vhince Cedrick Afroilan,vhincecedrick.afroilan@lorma.edu
Mighty Angel Angelo,mightyangel.angelo@lorma.edu
Xavier Gael San Juan,xaviergael.sanjuan@lorma.edu
Kaishen Flores,kaishen.flores@lorma.edu
Maira Francine Rosales,mairafrancine.rosales@lorma.edu
Andriq Kyle Ajido,andriqklyne.ajido@lorma.edu
Jovan Dela Cerna,jovan.delacerna@lorma.edu
